<?xml version="1.0" encoding="UTF-8"?>
<project-private xmlns="http://www.netbeans.org/ns/project-private/1">
    <editor-bookmarks xmlns="http://www.netbeans.org/ns/editor-bookmarks/2" lastBookmarkId="0"/>
    <open-files xmlns="http://www.netbeans.org/ns/projectui-open-files/2">
        <group>
            <file>file:/C:/Users/i77134/OneDrive%20-%20Microchip%20Technology%20Inc/Work/SDL_BM70_Latest_IDE/pic32cm_ls60_rd_smart_lock_secure/src/app_secure_ble_manager.c</file>
            <file>file:/C:/Users/i77134/OneDrive%20-%20Microchip%20Technology%20Inc/Work/SDL_BM70_Latest_IDE/pic32cm_ls60_rd_smart_lock_secure/src/config/pic32cm_ls60/peripheral/port/plib_port.c</file>
        </group>
    </open-files>
</project-private>
