{
    "properties": {
        "__categories": [
            {
                "expanded": true,
                "id": "imageProperties",
                "visible": true
            }
        ],
        "__groups": [
            {
                "expanded": false,
                "id": "preprocessGroup",
                "visible": false
            }
        ],
        "id": {
            "enabled": true,
            "type": "uuid",
            "value": "{b83219c7-2f96-4574-9a70-fd11c96d9c39}",
            "visible": true
        },
        "memoryLocation": {
            "enabled": true,
            "type": "memorylocation",
            "value": "{de76387b-5c45-4f80-ab42-43e3a453caaf}",
            "visible": true
        },
        "name": {
            "enabled": true,
            "type": "text",
            "value": "",
            "visible": true
        },
        "originalType": {
            "enabled": true,
            "type": "integer",
            "value": 2,
            "visible": true
        },
        "outputFormat": {
            "enabled": true,
            "type": "combo",
            "value": 0,
            "visible": true
        },
        "outputHeight": {
            "enabled": false,
            "type": "integer",
            "value": 20,
            "visible": true
        },
        "outputName": {
            "enabled": true,
            "type": "text",
            "value": "secure",
            "visible": true
        },
        "outputWidth": {
            "enabled": false,
            "type": "integer",
            "value": 16,
            "visible": true
        },
        "preprocess": {
            "enabled": true,
            "type": "boolean",
            "value": false,
            "visible": true
        },
        "preprocessColorMode": {
            "enabled": true,
            "type": "combo",
            "value": 5,
            "visible": true
        },
        "preprocessLocation": {
            "enabled": true,
            "type": "memorylocation",
            "value": "",
            "visible": true
        },
        "sourceBPP": {
            "enabled": false,
            "type": "integer",
            "value": 24,
            "visible": true
        },
        "sourceFormat": {
            "enabled": false,
            "type": "text",
            "value": "jpg",
            "visible": true
        },
        "sourceHeight": {
            "enabled": false,
            "type": "integer",
            "value": 20,
            "visible": true
        },
        "sourceName": {
            "enabled": false,
            "type": "text",
            "value": "secure.jpg",
            "visible": true
        },
        "sourceSize": {
            "enabled": false,
            "type": "integer",
            "value": 4561,
            "visible": true
        },
        "sourceWidth": {
            "enabled": false,
            "type": "integer",
            "value": 16,
            "visible": true
        }
    }
}
