<?xml version="1.0" encoding="UTF-8" standalone="no"?><configurationDescriptor version="65">
  <logicalFolder displayName="root" name="root" projectFiles="true">
    <logicalFolder displayName="Header Files" name="HeaderFiles" projectFiles="true">
      <logicalFolder displayName="config" name="config" projectFiles="true">
        <logicalFolder displayName="pic32cm_ls60" name="pic32cm_ls60" projectFiles="true">
          <logicalFolder displayName="osal" name="osal" projectFiles="true">
            <itemPath>../src/config/pic32cm_ls60/osal/osal.h</itemPath>
            <itemPath>../src/config/pic32cm_ls60/osal/osal_impl_basic.h</itemPath>
            <itemPath>../src/config/pic32cm_ls60/osal/osal_definitions.h</itemPath>
          </logicalFolder>
          <logicalFolder displayName="peripheral" name="peripheral" projectFiles="true">
            <logicalFolder displayName="adc" name="adc" projectFiles="true">
              <itemPath>../src/config/pic32cm_ls60/peripheral/adc/plib_adc_common.h</itemPath>
              <itemPath>../src/config/pic32cm_ls60/peripheral/adc/plib_adc.h</itemPath>
            </logicalFolder>
            <logicalFolder displayName="eic" name="eic" projectFiles="true">
              <itemPath>../src/config/pic32cm_ls60/peripheral/eic/plib_eic.h</itemPath>
            </logicalFolder>
            <logicalFolder displayName="nvic" name="nvic" projectFiles="true">
              <itemPath>../src/config/pic32cm_ls60/peripheral/nvic/plib_nvic.h</itemPath>
            </logicalFolder>
            <logicalFolder displayName="port" name="port" projectFiles="true">
              <itemPath>../src/config/pic32cm_ls60/peripheral/port/plib_port.h</itemPath>
            </logicalFolder>
            <logicalFolder displayName="tc" name="tc" projectFiles="true">
              <itemPath>../src/config/pic32cm_ls60/peripheral/tc/plib_tc2.h</itemPath>
              <itemPath>../src/config/pic32cm_ls60/peripheral/tc/plib_tc_common.h</itemPath>
              <itemPath>../src/config/pic32cm_ls60/peripheral/tc/plib_tc1.h</itemPath>
            </logicalFolder>
            <logicalFolder displayName="tcc" name="tcc" projectFiles="true">
              <itemPath>../src/config/pic32cm_ls60/peripheral/tcc/plib_tcc0.h</itemPath>
              <itemPath>../src/config/pic32cm_ls60/peripheral/tcc/plib_tcc_common.h</itemPath>
            </logicalFolder>
          </logicalFolder>
          <logicalFolder displayName="system" name="system" projectFiles="true">
            <logicalFolder displayName="debug" name="debug" projectFiles="true">
              <itemPath>../src/config/pic32cm_ls60/system/debug/sys_debug.h</itemPath>
            </logicalFolder>
            <logicalFolder displayName="int" name="int" projectFiles="true">
              <itemPath>../src/config/pic32cm_ls60/system/int/sys_int_mapping.h</itemPath>
              <itemPath>../src/config/pic32cm_ls60/system/int/sys_int.h</itemPath>
            </logicalFolder>
            <logicalFolder displayName="time" name="time" projectFiles="true">
              <itemPath>../src/config/pic32cm_ls60/system/time/sys_time.h</itemPath>
              <itemPath>../src/config/pic32cm_ls60/system/time/sys_time_definitions.h</itemPath>
              <itemPath>../src/config/pic32cm_ls60/system/time/src/sys_time_local.h</itemPath>
            </logicalFolder>
            <itemPath>../src/config/pic32cm_ls60/system/system.h</itemPath>
            <itemPath>../src/config/pic32cm_ls60/system/system_common.h</itemPath>
            <itemPath>../src/config/pic32cm_ls60/system/system_module.h</itemPath>
          </logicalFolder>
          <itemPath>../src/config/pic32cm_ls60/interrupts.h</itemPath>
          <itemPath>../src/config/pic32cm_ls60/device_vectors.h</itemPath>
          <itemPath>../src/config/pic32cm_ls60/device_cache.h</itemPath>
          <itemPath>../src/config/pic32cm_ls60/device.h</itemPath>
          <itemPath>../src/config/pic32cm_ls60/toolchain_specifics.h</itemPath>
          <itemPath>../src/config/pic32cm_ls60/definitions.h</itemPath>
          <itemPath>../src/config/pic32cm_ls60/user.h</itemPath>
          <itemPath>../src/config/pic32cm_ls60/configuration.h</itemPath>
          <itemPath>../src/config/pic32cm_ls60/sys_tasks.h</itemPath>
        </logicalFolder>
      </logicalFolder>
      <logicalFolder displayName="packs" name="packs" projectFiles="true">
        <logicalFolder displayName="CMSIS" name="CMSIS" projectFiles="true">
          <logicalFolder displayName="CMSIS" name="CMSIS" projectFiles="true">
            <logicalFolder displayName="Core" name="Core" projectFiles="true">
              <logicalFolder displayName="Include" name="Include" projectFiles="true">
                <itemPath>../src/packs/CMSIS/CMSIS/Core/Include/cmsis_armclang.h</itemPath>
                <itemPath>../src/packs/CMSIS/CMSIS/Core/Include/cmsis_iccarm.h</itemPath>
                <itemPath>../src/packs/CMSIS/CMSIS/Core/Include/tz_context.h</itemPath>
                <itemPath>../src/packs/CMSIS/CMSIS/Core/Include/core_cm23.h</itemPath>
                <itemPath>../src/packs/CMSIS/CMSIS/Core/Include/cmsis_armclang_ltm.h</itemPath>
                <itemPath>../src/packs/CMSIS/CMSIS/Core/Include/cachel1_armv7.h</itemPath>
                <itemPath>../src/packs/CMSIS/CMSIS/Core/Include/cmsis_version.h</itemPath>
                <itemPath>../src/packs/CMSIS/CMSIS/Core/Include/cmsis_gcc.h</itemPath>
                <itemPath>../src/packs/CMSIS/CMSIS/Core/Include/mpu_armv8.h</itemPath>
                <itemPath>../src/packs/CMSIS/CMSIS/Core/Include/cmsis_compiler.h</itemPath>
                <itemPath>../src/packs/CMSIS/CMSIS/Core/Include/cmsis_armcc.h</itemPath>
              </logicalFolder>
            </logicalFolder>
          </logicalFolder>
        </logicalFolder>
        <logicalFolder displayName="PIC32CM5164LS60064_DFP" name="PIC32CM5164LS60064_DFP" projectFiles="true">
          <logicalFolder displayName="component" name="component" projectFiles="true">
            <itemPath>../src/packs/PIC32CM5164LS60064_DFP/component/gclk.h</itemPath>
            <itemPath>../src/packs/PIC32CM5164LS60064_DFP/component/pac.h</itemPath>
            <itemPath>../src/packs/PIC32CM5164LS60064_DFP/component/tram.h</itemPath>
            <itemPath>../src/packs/PIC32CM5164LS60064_DFP/component/fuses.h</itemPath>
            <itemPath>../src/packs/PIC32CM5164LS60064_DFP/component/oscctrl.h</itemPath>
            <itemPath>../src/packs/PIC32CM5164LS60064_DFP/component/wdt.h</itemPath>
            <itemPath>../src/packs/PIC32CM5164LS60064_DFP/component/eic.h</itemPath>
            <itemPath>../src/packs/PIC32CM5164LS60064_DFP/component/ptc.h</itemPath>
            <itemPath>../src/packs/PIC32CM5164LS60064_DFP/component/evsys.h</itemPath>
            <itemPath>../src/packs/PIC32CM5164LS60064_DFP/component/freqm.h</itemPath>
            <itemPath>../src/packs/PIC32CM5164LS60064_DFP/component/sercom.h</itemPath>
            <itemPath>../src/packs/PIC32CM5164LS60064_DFP/component/osc32kctrl.h</itemPath>
            <itemPath>../src/packs/PIC32CM5164LS60064_DFP/component/idau.h</itemPath>
            <itemPath>../src/packs/PIC32CM5164LS60064_DFP/component/pm.h</itemPath>
            <itemPath>../src/packs/PIC32CM5164LS60064_DFP/component/nvmctrl.h</itemPath>
            <itemPath>../src/packs/PIC32CM5164LS60064_DFP/component/trng.h</itemPath>
            <itemPath>../src/packs/PIC32CM5164LS60064_DFP/component/ac.h</itemPath>
            <itemPath>../src/packs/PIC32CM5164LS60064_DFP/component/ccl.h</itemPath>
            <itemPath>../src/packs/PIC32CM5164LS60064_DFP/component/rstc.h</itemPath>
            <itemPath>../src/packs/PIC32CM5164LS60064_DFP/component/tc.h</itemPath>
            <itemPath>../src/packs/PIC32CM5164LS60064_DFP/component/dmac.h</itemPath>
            <itemPath>../src/packs/PIC32CM5164LS60064_DFP/component/rtc.h</itemPath>
            <itemPath>../src/packs/PIC32CM5164LS60064_DFP/component/supc.h</itemPath>
            <itemPath>../src/packs/PIC32CM5164LS60064_DFP/component/tcc.h</itemPath>
            <itemPath>../src/packs/PIC32CM5164LS60064_DFP/component/i2s.h</itemPath>
            <itemPath>../src/packs/PIC32CM5164LS60064_DFP/component/dac.h</itemPath>
            <itemPath>../src/packs/PIC32CM5164LS60064_DFP/component/port.h</itemPath>
            <itemPath>../src/packs/PIC32CM5164LS60064_DFP/component/dsu.h</itemPath>
            <itemPath>../src/packs/PIC32CM5164LS60064_DFP/component/usb.h</itemPath>
            <itemPath>../src/packs/PIC32CM5164LS60064_DFP/component/adc.h</itemPath>
            <itemPath>../src/packs/PIC32CM5164LS60064_DFP/component/mclk.h</itemPath>
            <itemPath>../src/packs/PIC32CM5164LS60064_DFP/component/opamp.h</itemPath>
          </logicalFolder>
          <logicalFolder displayName="instance" name="instance" projectFiles="true">
            <itemPath>../src/packs/PIC32CM5164LS60064_DFP/instance/rstc.h</itemPath>
            <itemPath>../src/packs/PIC32CM5164LS60064_DFP/instance/usb.h</itemPath>
            <itemPath>../src/packs/PIC32CM5164LS60064_DFP/instance/wdt.h</itemPath>
            <itemPath>../src/packs/PIC32CM5164LS60064_DFP/instance/osc32kctrl.h</itemPath>
            <itemPath>../src/packs/PIC32CM5164LS60064_DFP/instance/opamp.h</itemPath>
            <itemPath>../src/packs/PIC32CM5164LS60064_DFP/instance/tram.h</itemPath>
            <itemPath>../src/packs/PIC32CM5164LS60064_DFP/instance/eic.h</itemPath>
            <itemPath>../src/packs/PIC32CM5164LS60064_DFP/instance/sercom1.h</itemPath>
            <itemPath>../src/packs/PIC32CM5164LS60064_DFP/instance/sercom5.h</itemPath>
            <itemPath>../src/packs/PIC32CM5164LS60064_DFP/instance/tcc3.h</itemPath>
            <itemPath>../src/packs/PIC32CM5164LS60064_DFP/instance/pm.h</itemPath>
            <itemPath>../src/packs/PIC32CM5164LS60064_DFP/instance/rtc.h</itemPath>
            <itemPath>../src/packs/PIC32CM5164LS60064_DFP/instance/nvmctrl.h</itemPath>
            <itemPath>../src/packs/PIC32CM5164LS60064_DFP/instance/pac.h</itemPath>
            <itemPath>../src/packs/PIC32CM5164LS60064_DFP/instance/ptc.h</itemPath>
            <itemPath>../src/packs/PIC32CM5164LS60064_DFP/instance/sercom2.h</itemPath>
            <itemPath>../src/packs/PIC32CM5164LS60064_DFP/instance/supc.h</itemPath>
            <itemPath>../src/packs/PIC32CM5164LS60064_DFP/instance/tcc0.h</itemPath>
            <itemPath>../src/packs/PIC32CM5164LS60064_DFP/instance/trng.h</itemPath>
            <itemPath>../src/packs/PIC32CM5164LS60064_DFP/instance/tc2.h</itemPath>
            <itemPath>../src/packs/PIC32CM5164LS60064_DFP/instance/dac.h</itemPath>
            <itemPath>../src/packs/PIC32CM5164LS60064_DFP/instance/freqm.h</itemPath>
            <itemPath>../src/packs/PIC32CM5164LS60064_DFP/instance/dmac.h</itemPath>
            <itemPath>../src/packs/PIC32CM5164LS60064_DFP/instance/i2s.h</itemPath>
            <itemPath>../src/packs/PIC32CM5164LS60064_DFP/instance/evsys.h</itemPath>
            <itemPath>../src/packs/PIC32CM5164LS60064_DFP/instance/sercom3.h</itemPath>
            <itemPath>../src/packs/PIC32CM5164LS60064_DFP/instance/ac.h</itemPath>
            <itemPath>../src/packs/PIC32CM5164LS60064_DFP/instance/ccl.h</itemPath>
            <itemPath>../src/packs/PIC32CM5164LS60064_DFP/instance/port.h</itemPath>
            <itemPath>../src/packs/PIC32CM5164LS60064_DFP/instance/tcc1.h</itemPath>
            <itemPath>../src/packs/PIC32CM5164LS60064_DFP/instance/tc1.h</itemPath>
            <itemPath>../src/packs/PIC32CM5164LS60064_DFP/instance/idau.h</itemPath>
            <itemPath>../src/packs/PIC32CM5164LS60064_DFP/instance/dsu.h</itemPath>
            <itemPath>../src/packs/PIC32CM5164LS60064_DFP/instance/adc.h</itemPath>
            <itemPath>../src/packs/PIC32CM5164LS60064_DFP/instance/mclk.h</itemPath>
            <itemPath>../src/packs/PIC32CM5164LS60064_DFP/instance/gclk.h</itemPath>
            <itemPath>../src/packs/PIC32CM5164LS60064_DFP/instance/fuses.h</itemPath>
            <itemPath>../src/packs/PIC32CM5164LS60064_DFP/instance/sercom0.h</itemPath>
            <itemPath>../src/packs/PIC32CM5164LS60064_DFP/instance/sercom4.h</itemPath>
            <itemPath>../src/packs/PIC32CM5164LS60064_DFP/instance/oscctrl.h</itemPath>
            <itemPath>../src/packs/PIC32CM5164LS60064_DFP/instance/tcc2.h</itemPath>
            <itemPath>../src/packs/PIC32CM5164LS60064_DFP/instance/tc0.h</itemPath>
          </logicalFolder>
          <logicalFolder displayName="pio" name="pio" projectFiles="true">
            <itemPath>../src/packs/PIC32CM5164LS60064_DFP/pio/pic32cm5164ls60064.h</itemPath>
          </logicalFolder>
          <itemPath>../src/packs/PIC32CM5164LS60064_DFP/pic32cm5164ls60064.h</itemPath>
        </logicalFolder>
      </logicalFolder>
      <logicalFolder displayName="trustZone" name="trustZone" projectFiles="true">
        <itemPath>../src/trustZone/nonsecure_entry.h</itemPath>
      </logicalFolder>
      <itemPath>../src/app_nonsecure_wifi_bridge.h</itemPath>
      <itemPath>../src/app_nonsecure_security.h</itemPath>
      <itemPath>../src/app_nonsecure_touch.h</itemPath>
      <itemPath>../src/app_nonsecure_battery_management.h</itemPath>
      <itemPath>../src/app_nonsecure_deadbolt_control.h</itemPath>
    </logicalFolder>
    <logicalFolder displayName="Important Files" name="ExternalFiles" projectFiles="true">
      <itemPath>Makefile</itemPath>
      <itemPath>pic32cm_ls60_sdl.mc3</itemPath>
    </logicalFolder>
    <logicalFolder displayName="Linker Files" name="LinkerScript" projectFiles="true">
      <logicalFolder displayName="config" name="config" projectFiles="true">
        <logicalFolder displayName="pic32cm_ls60" name="pic32cm_ls60" projectFiles="true">
          <itemPath>../src/config/pic32cm_ls60/PIC32CM5164LS60064.ld</itemPath>
        </logicalFolder>
      </logicalFolder>
    </logicalFolder>
    <logicalFolder displayName="Source Files" name="SourceFiles" projectFiles="true">
      <logicalFolder displayName="config" name="config" projectFiles="true">
        <logicalFolder displayName="pic32cm_ls60" name="pic32cm_ls60" projectFiles="true">
          <logicalFolder displayName="peripheral" name="peripheral" projectFiles="true">
            <logicalFolder displayName="adc" name="adc" projectFiles="true">
              <itemPath>../src/config/pic32cm_ls60/peripheral/adc/plib_adc.c</itemPath>
            </logicalFolder>
            <logicalFolder displayName="eic" name="eic" projectFiles="true">
              <itemPath>../src/config/pic32cm_ls60/peripheral/eic/plib_eic.c</itemPath>
            </logicalFolder>
            <logicalFolder displayName="nvic" name="nvic" projectFiles="true">
              <itemPath>../src/config/pic32cm_ls60/peripheral/nvic/plib_nvic.c</itemPath>
            </logicalFolder>
            <logicalFolder displayName="port" name="port" projectFiles="true">
              <itemPath>../src/config/pic32cm_ls60/peripheral/port/plib_port.c</itemPath>
            </logicalFolder>
            <logicalFolder displayName="tc" name="tc" projectFiles="true">
              <itemPath>../src/config/pic32cm_ls60/peripheral/tc/plib_tc2.c</itemPath>
              <itemPath>../src/config/pic32cm_ls60/peripheral/tc/plib_tc1.c</itemPath>
            </logicalFolder>
            <logicalFolder displayName="tcc" name="tcc" projectFiles="true">
              <itemPath>../src/config/pic32cm_ls60/peripheral/tcc/plib_tcc0.c</itemPath>
            </logicalFolder>
          </logicalFolder>
          <logicalFolder displayName="stdio" name="stdio" projectFiles="true">
            <itemPath>../src/config/pic32cm_ls60/stdio/xc32_monitor.c</itemPath>
          </logicalFolder>
          <logicalFolder displayName="system" name="system" projectFiles="true">
            <logicalFolder displayName="int" name="int" projectFiles="true">
              <itemPath>../src/config/pic32cm_ls60/system/int/src/sys_int.c</itemPath>
            </logicalFolder>
            <logicalFolder displayName="time" name="time" projectFiles="true">
              <itemPath>../src/config/pic32cm_ls60/system/time/src/sys_time.c</itemPath>
            </logicalFolder>
          </logicalFolder>
          <itemPath>../src/config/pic32cm_ls60/interrupts.c</itemPath>
          <itemPath>../src/config/pic32cm_ls60/initialization.c</itemPath>
          <itemPath>../src/config/pic32cm_ls60/libc_syscalls.c</itemPath>
          <itemPath>../src/config/pic32cm_ls60/startup_xc32.c</itemPath>
          <itemPath>../src/config/pic32cm_ls60/exceptions.c</itemPath>
          <itemPath>../src/config/pic32cm_ls60/tasks.c</itemPath>
        </logicalFolder>
      </logicalFolder>
      <itemPath>../src/config/pic32cm_ls60/pin_configurations.csv</itemPath>
      <itemPath>../src/main.c</itemPath>
      <itemPath>../src/app_nonsecure_wifi_bridge.c</itemPath>
      <itemPath>../src/app_nonsecure_security.c</itemPath>
      <itemPath>../src/app_nonsecure_touch.c</itemPath>
      <itemPath>../src/app_nonsecure_deadbolt_control.c</itemPath>
      <itemPath>../src/app_nonsecure_battery_management.c</itemPath>
    </logicalFolder>
  </logicalFolder>
  <projectmakefile>Makefile</projectmakefile>
  <confs>
    <conf name="pic32cm_ls60" type="2">
      <toolsSet>
        <developmentServer>localhost</developmentServer>
        <targetDevice>PIC32CM5164LS60064</targetDevice>
        <targetHeader/>
        <targetPluginBoard/>
        <platformTool>AtmelIceTool</platformTool>
        <languageToolchain>XC32</languageToolchain>
        <languageToolchainVersion>4.45</languageToolchainVersion>
        <platform>3</platform>
      </toolsSet>
      <packs>
        <pack name="PIC32CM-LS_DFP" vendor="Microchip" version="1.3.278"/>
        <pack name="CMSIS" vendor="ARM" version="5.8.0"/>
      </packs>
      <ScriptingSettings>
      </ScriptingSettings>
      <compileType>
        <linkerTool>
          <linkerLibItems>
          </linkerLibItems>
        </linkerTool>
        <archiverTool>
        </archiverTool>
        <loading>
          <makeArtifact AC="true" BC="${MAKE}  -f Makefile CONF=pic32cm_ls60" BL="true" CC="rm -rf &quot;build/pic32cm_ls60&quot; &quot;dist/pic32cm_ls60&quot;" CN="pic32cm_ls60" CT="1" DBC="${MAKE}  -f Makefile CONF=pic32cm_ls60 TYPE_IMAGE=DEBUG_RUN" DD="dist/pic32cm_ls60/debug/pic32cm_ls60_sdl_secure.X.debug.elf" DOP="dist/pic32cm_ls60/debug/pic32cm_ls60_sdl_secure.X.debug.elf" FL="dist/pic32cm_ls60/production/pic32cm_ls60_sdl_secure.X.production.hex" OP="dist/pic32cm_ls60/production/pic32cm_ls60_sdl_secure.X.production.hex" PD="dist/pic32cm_ls60/production/pic32cm_ls60_sdl_secure.X.production.elf" PL="../../pic32cm_ls60_rd_smart_lock_secure/pic32cm_ls60_sdl_secure.X" WD="../../pic32cm_ls60_rd_smart_lock_secure/pic32cm_ls60_sdl_secure.X">
          </makeArtifact>
          <useAlternateLoadableFile>false</useAlternateLoadableFile>
          <parseOnProdLoad>false</parseOnProdLoad>
          <alternateLoadableFile/>
        </loading>
        <subordinates>
        </subordinates>
      </compileType>
      <makeCustomizationType>
        <makeCustomizationPreStepEnabled>false</makeCustomizationPreStepEnabled>
        <makeUseCleanTarget>false</makeUseCleanTarget>
        <makeCustomizationPreStep/>
        <makeCustomizationPostStepEnabled>false</makeCustomizationPostStepEnabled>
        <makeCustomizationPostStep/>
        <makeCustomizationPutChecksumInUserID>false</makeCustomizationPutChecksumInUserID>
        <makeCustomizationEnableLongLines>false</makeCustomizationEnableLongLines>
        <makeCustomizationNormalizeHexFile>false</makeCustomizationNormalizeHexFile>
      </makeCustomizationType>
      <AtmelIceTool>
        <property key="AutoSelectMemRanges" value="auto"/>
        <property key="arm.use_vtor" value="false"/>
        <property key="arm.vtor_adr" value="exception_table"/>
        <property key="communication.activationmode" value="nohv"/>
        <property key="communication.interface" value="swd"/>
        <property key="communication.speed" value="2.000"/>
        <property key="debugoptions.debug-startup" value="Use system settings"/>
        <property key="debugoptions.reset-behaviour" value="Use system settings"/>
        <property key="debugoptions.useswbreakpoints" value="false"/>
        <property key="event.recorder.debugger.behavior" value="Running"/>
        <property key="event.recorder.enabled" value="false"/>
        <property key="event.recorder.scvd.files" value=""/>
        <property key="firmware.path" value="Press to browse for a specific firmware version"/>
        <property key="firmware.toolpack" value="Press to select which tool pack to use"/>
        <property key="firmware.update.action" value="firmware.update.use.latest"/>
        <property key="freeze.timers" value="false"/>
        <property key="lastid" value=""/>
        <property key="loader.board_file" value="${ProjectDir}/board.xboard"/>
        <property key="memories.aux" value="false"/>
        <property key="memories.bootflash" value="true"/>
        <property key="memories.configurationmemory" value="true"/>
        <property key="memories.configurationmemory2" value="true"/>
        <property key="memories.dataflash" value="true"/>
        <property key="memories.eeprom" value="true"/>
        <property key="memories.exclude.configurationmemory" value="true"/>
        <property key="memories.flashdata" value="true"/>
        <property key="memories.id" value="true"/>
        <property key="memories.instruction.ram.ranges" value="${memories.instruction.ram.ranges}"/>
        <property key="memories.programmemory" value="true"/>
        <property key="memories.programmemory.ranges" value="0-7ffff"/>
        <property key="poweroptions.powerenable" value="false"/>
        <property key="programmerToGoFilePath" value="C:/Users/i77134/OneDrive - Microchip Technology Inc/Work/TrialWorking/pic32cm_ls60_rd_smart_lock/pic32cm_ls60_sdl.X/debug/pic32cm_ls60/pic32cm_ls60_sdl_ptg"/>
        <property key="programoptions.eraseb4program" value="true"/>
        <property key="programoptions.preservedataflash" value="false"/>
        <property key="programoptions.preservedataflash.ranges" value="${memories.dataflash.default}"/>
        <property key="programoptions.preserveeeprom" value="false"/>
        <property key="programoptions.preserveeeprom.ranges" value=""/>
        <property key="programoptions.preserveprogram.ranges" value="0x20000-0x204ff, 0x30000-0x303ff"/>
        <property key="programoptions.preserveprogramrange" value="true"/>
        <property key="programoptions.preserveuserid" value="false"/>
        <property key="programoptions.programuserotp" value="false"/>
        <property key="script.has_reset" value="true"/>
        <property key="script.log_level" value="1"/>
        <property key="script.reset_delay" value="0"/>
        <property key="script.show_output" value="false"/>
        <property key="toolpack.updateoptions" value="toolpack.updateoptions.uselatestoolpack"/>
        <property key="toolpack.updateoptions.packversion" value="Press to select which tool pack to use"/>
        <property key="voltagevalue" value=""/>
        <property key="x.erase.key" value="0xFFFFFFFF,0xFFFFFFFF,0xFFFFFFFF,0xFFFFFFFF"/>
        <property key="x.erase.type" value="ChipEraseAll"/>
        <property key="x.prk.path" value=""/>
        <property key="x.puk.path" value=""/>
        <property key="x.tz_computecrc" value="true"/>
        <property key="x.tz_computesign" value="true"/>
      </AtmelIceTool>
      <C32>
        <property key="additional-warnings" value="true"/>
        <property key="addresss-attribute-use" value="false"/>
        <property key="appendMe" value="-mcmse"/>
        <property key="enable-app-io" value="false"/>
        <property key="enable-omit-frame-pointer" value="false"/>
        <property key="enable-symbols" value="true"/>
        <property key="enable-unroll-loops" value="false"/>
        <property key="exclude-floating-point" value="false"/>
        <property key="extra-include-directories" value="../src;../src/config/pic32cm_ls60;../src/packs/CMSIS/;../src/packs/CMSIS/CMSIS/Core/Include;../src/packs/PIC32CM5164LS60064_DFP"/>
        <property key="generate-16-bit-code" value="false"/>
        <property key="generate-micro-compressed-code" value="false"/>
        <property key="isolate-each-function" value="true"/>
        <property key="make-warnings-into-errors" value="false"/>
        <property key="optimization-level" value=""/>
        <property key="place-data-into-section" value="true"/>
        <property key="post-instruction-scheduling" value="default"/>
        <property key="pre-instruction-scheduling" value="default"/>
        <property key="preprocessor-macros" value="WIFI_ENABLE"/>
        <property key="strict-ansi" value="false"/>
        <property key="support-ansi" value="false"/>
        <property key="tentative-definitions" value="-fcommon"/>
        <property key="toplevel-reordering" value=""/>
        <property key="unaligned-access" value=""/>
        <property key="use-cci" value="false"/>
        <property key="use-iar" value="false"/>
        <property key="use-indirect-calls" value="false"/>
        <appendMe value="-mcmse"/>
      </C32>
      <C32-AR>
        <property key="additional-options-chop-files" value="false"/>
      </C32-AR>
      <C32-AS>
        <property key="assembler-symbols" value=""/>
        <property key="enable-symbols" value="true"/>
        <property key="exclude-floating-point-library" value="false"/>
        <property key="expand-macros" value="false"/>
        <property key="extra-include-directories-for-assembler" value=""/>
        <property key="extra-include-directories-for-preprocessor" value=""/>
        <property key="false-conditionals" value="false"/>
        <property key="generate-16-bit-code" value="false"/>
        <property key="generate-micro-compressed-code" value="false"/>
        <property key="keep-locals" value="false"/>
        <property key="list-assembly" value="false"/>
        <property key="list-source" value="false"/>
        <property key="list-symbols" value="false"/>
        <property key="oXC32asm-list-to-file" value="false"/>
        <property key="omit-debug-dirs" value="false"/>
        <property key="omit-forms" value="false"/>
        <property key="preprocessor-macros" value=""/>
        <property key="warning-level" value=""/>
      </C32-AS>
      <C32-CO>
        <property key="coverage-enable" value=""/>
        <property key="stack-guidance" value="false"/>
      </C32-CO>
      <C32-LD>
        <property key="additional-options-use-response-files" value="false"/>
        <property key="additional-options-write-sla" value="false"/>
        <property key="allocate-dinit" value="false"/>
        <property key="appendMe" value="-l:pic32cm_ls60_sdl_secure_sg_veneer.lib"/>
        <property key="code-dinit" value="false"/>
        <property key="ebase-addr" value=""/>
        <property key="enable-check-sections" value="false"/>
        <property key="exclude-floating-point-library" value="false"/>
        <property key="exclude-standard-libraries" value="false"/>
        <property key="extra-lib-directories" value="./"/>
        <property key="fill-flash-options-addr" value=""/>
        <property key="fill-flash-options-const" value=""/>
        <property key="fill-flash-options-how" value="0"/>
        <property key="fill-flash-options-inc-const" value="1"/>
        <property key="fill-flash-options-increment" value=""/>
        <property key="fill-flash-options-seq" value=""/>
        <property key="fill-flash-options-what" value="0"/>
        <property key="generate-16-bit-code" value="false"/>
        <property key="generate-cross-reference-file" value="false"/>
        <property key="generate-micro-compressed-code" value="false"/>
        <property key="heap-size" value="512"/>
        <property key="input-libraries" value=""/>
        <property key="kseg-length" value=""/>
        <property key="kseg-origin" value=""/>
        <property key="linker-symbols" value=""/>
        <property key="map-file" value="${DISTDIR}/${PROJECTNAME}.${IMAGE_TYPE}.map"/>
        <property key="no-device-startup-code" value="true"/>
        <property key="no-startup-files" value="false"/>
        <property key="oXC32ld-extra-opts" value=""/>
        <property key="optimization-level" value=""/>
        <property key="preprocessor-macros" value="AS_SIZE=0x40000;BOOTPROT_SIZE=0x0;NONSECURE;RS_SIZE=0x8000"/>
        <property key="remove-unused-sections" value="true"/>
        <property key="report-memory-usage" value="false"/>
        <property key="serial-length" value=""/>
        <property key="serial-origin" value=""/>
        <property key="stack-size" value=""/>
        <property key="symbol-stripping" value=""/>
        <property key="trace-symbols" value=""/>
        <property key="warn-section-align" value="false"/>
        <appendMe value="-l:pic32cm_ls60_sdl_secure_sg_veneer.lib"/>
      </C32-LD>
      <C32CPP>
        <property key="additional-warnings" value="false"/>
        <property key="addresss-attribute-use" value="false"/>
        <property key="appendMe" value=""/>
        <property key="check-new" value="false"/>
        <property key="eh-specs" value="true"/>
        <property key="enable-app-io" value="false"/>
        <property key="enable-omit-frame-pointer" value="false"/>
        <property key="enable-symbols" value="true"/>
        <property key="enable-unroll-loops" value="false"/>
        <property key="exceptions" value="true"/>
        <property key="exclude-floating-point" value="false"/>
        <property key="extra-include-directories" value="../src;../src/config/pic32cm_ls60;../src/packs/CMSIS/;../src/packs/CMSIS/CMSIS/Core/Include;../src/packs/PIC32CM5164LS60064_DFP"/>
        <property key="generate-16-bit-code" value="false"/>
        <property key="generate-micro-compressed-code" value="false"/>
        <property key="isolate-each-function" value="false"/>
        <property key="make-warnings-into-errors" value="false"/>
        <property key="optimization-level" value=""/>
        <property key="place-data-into-section" value="false"/>
        <property key="post-instruction-scheduling" value="default"/>
        <property key="pre-instruction-scheduling" value="default"/>
        <property key="preprocessor-macros" value=""/>
        <property key="rtti" value="true"/>
        <property key="strict-ansi" value="false"/>
        <property key="toplevel-reordering" value=""/>
        <property key="unaligned-access" value=""/>
        <property key="use-cci" value="false"/>
        <property key="use-iar" value="false"/>
        <property key="use-indirect-calls" value="false"/>
      </C32CPP>
      <C32Global>
        <property key="common-include-directories" value=""/>
        <property key="gp-relative-option" value=""/>
        <property key="legacy-libc" value="false"/>
        <property key="mdtcm" value=""/>
        <property key="mitcm" value=""/>
        <property key="mstacktcm" value="false"/>
        <property key="omit-pack-options" value="1"/>
        <property key="relaxed-math" value="false"/>
        <property key="save-temps" value="false"/>
        <property key="stack-smashing" value=""/>
        <property key="wpo-lto" value="false"/>
      </C32Global>
      <Tool>
        <property key="AutoSelectMemRanges" value="auto"/>
        <property key="arm.use_vtor" value="false"/>
        <property key="arm.vtor_adr" value="exception_table"/>
        <property key="communication.activationmode" value="nohv"/>
        <property key="communication.interface" value="swd"/>
        <property key="communication.speed" value="2.000"/>
        <property key="debugoptions.debug-startup" value="Use system settings"/>
        <property key="debugoptions.reset-behaviour" value="Use system settings"/>
        <property key="debugoptions.useswbreakpoints" value="false"/>
        <property key="event.recorder.debugger.behavior" value="Running"/>
        <property key="event.recorder.enabled" value="false"/>
        <property key="event.recorder.scvd.files" value=""/>
        <property key="firmware.path" value="Press to browse for a specific firmware version"/>
        <property key="firmware.toolpack" value="Press to select which tool pack to use"/>
        <property key="firmware.update.action" value="firmware.update.use.latest"/>
        <property key="freeze.timers" value="false"/>
        <property key="lastid" value=""/>
        <property key="loader.board_file" value="${ProjectDir}/board.xboard"/>
        <property key="memories.aux" value="false"/>
        <property key="memories.bootflash" value="true"/>
        <property key="memories.configurationmemory" value="true"/>
        <property key="memories.configurationmemory2" value="true"/>
        <property key="memories.dataflash" value="true"/>
        <property key="memories.eeprom" value="true"/>
        <property key="memories.exclude.configurationmemory" value="true"/>
        <property key="memories.flashdata" value="true"/>
        <property key="memories.id" value="true"/>
        <property key="memories.instruction.ram.ranges" value="${memories.instruction.ram.ranges}"/>
        <property key="memories.programmemory" value="true"/>
        <property key="memories.programmemory.ranges" value="0-7ffff"/>
        <property key="poweroptions.powerenable" value="false"/>
        <property key="programmerToGoFilePath" value="C:/Users/i77134/OneDrive - Microchip Technology Inc/Work/TrialWorking/pic32cm_ls60_rd_smart_lock/pic32cm_ls60_sdl.X/debug/pic32cm_ls60/pic32cm_ls60_sdl_ptg"/>
        <property key="programoptions.eraseb4program" value="true"/>
        <property key="programoptions.preservedataflash" value="false"/>
        <property key="programoptions.preservedataflash.ranges" value="${memories.dataflash.default}"/>
        <property key="programoptions.preserveeeprom" value="false"/>
        <property key="programoptions.preserveeeprom.ranges" value=""/>
        <property key="programoptions.preserveprogram.ranges" value="0x20000-0x204ff, 0x30000-0x303ff"/>
        <property key="programoptions.preserveprogramrange" value="true"/>
        <property key="programoptions.preserveuserid" value="false"/>
        <property key="programoptions.programuserotp" value="false"/>
        <property key="script.has_reset" value="true"/>
        <property key="script.log_level" value="1"/>
        <property key="script.reset_delay" value="0"/>
        <property key="script.show_output" value="false"/>
        <property key="toolpack.updateoptions" value="toolpack.updateoptions.uselatestoolpack"/>
        <property key="toolpack.updateoptions.packversion" value="Press to select which tool pack to use"/>
        <property key="voltagevalue" value=""/>
        <property key="x.erase.key" value="0xFFFFFFFF,0xFFFFFFFF,0xFFFFFFFF,0xFFFFFFFF"/>
        <property key="x.erase.type" value="ChipEraseAll"/>
        <property key="x.prk.path" value=""/>
        <property key="x.puk.path" value=""/>
        <property key="x.tz_computecrc" value="true"/>
        <property key="x.tz_computesign" value="true"/>
      </Tool>
    </conf>
  </confs>
</configurationDescriptor>