<?xml version="1.0" encoding="UTF-8" standalone="no"?><configurationDescriptor version="65">
  <logicalFolder displayName="root" name="root" projectFiles="true">
    <logicalFolder displayName="Header Files" name="HeaderFiles" projectFiles="true">
      <logicalFolder displayName="config" name="config" projectFiles="true">
        <logicalFolder displayName="pic32cm_ls60" name="pic32cm_ls60" projectFiles="true">
          <logicalFolder displayName="library" name="library" projectFiles="true">
            <logicalFolder displayName="cryptoauthlib" name="cryptoauthlib" projectFiles="true">
              <logicalFolder displayName="atcacert" name="atcacert" projectFiles="true">
                <itemPath>../src/config/pic32cm_ls60/library/cryptoauthlib/atcacert/atcacert_pem.h</itemPath>
                <itemPath>../src/config/pic32cm_ls60/library/cryptoauthlib/atcacert/atcacert_def.h</itemPath>
                <itemPath>../src/config/pic32cm_ls60/library/cryptoauthlib/atcacert/atcacert_check_config.h</itemPath>
                <itemPath>../src/config/pic32cm_ls60/library/cryptoauthlib/atcacert/atcacert_host_hw.h</itemPath>
                <itemPath>../src/config/pic32cm_ls60/library/cryptoauthlib/atcacert/atcacert_der.h</itemPath>
                <itemPath>../src/config/pic32cm_ls60/library/cryptoauthlib/atcacert/atcacert_host_sw.h</itemPath>
                <itemPath>../src/config/pic32cm_ls60/library/cryptoauthlib/atcacert/atcacert_date.h</itemPath>
                <itemPath>../src/config/pic32cm_ls60/library/cryptoauthlib/atcacert/atcacert.h</itemPath>
                <itemPath>../src/config/pic32cm_ls60/library/cryptoauthlib/atcacert/atcacert_client.h</itemPath>
              </logicalFolder>
              <logicalFolder displayName="calib" name="calib" projectFiles="true">
                <itemPath>../src/config/pic32cm_ls60/library/cryptoauthlib/calib/calib_aes_gcm.h</itemPath>
                <itemPath>../src/config/pic32cm_ls60/library/cryptoauthlib/calib/calib_command.h</itemPath>
                <itemPath>../src/config/pic32cm_ls60/library/cryptoauthlib/calib/calib_basic.h</itemPath>
                <itemPath>../src/config/pic32cm_ls60/library/cryptoauthlib/calib/calib_device.h</itemPath>
                <itemPath>../src/config/pic32cm_ls60/library/cryptoauthlib/calib/calib_config_check.h</itemPath>
                <itemPath>../src/config/pic32cm_ls60/library/cryptoauthlib/calib/calib_execution.h</itemPath>
              </logicalFolder>
              <logicalFolder displayName="crypto" name="crypto" projectFiles="true">
                <logicalFolder displayName="hashes" name="hashes" projectFiles="true">
                  <itemPath>../src/config/pic32cm_ls60/library/cryptoauthlib/crypto/hashes/sha1_routines.h</itemPath>
                  <itemPath>../src/config/pic32cm_ls60/library/cryptoauthlib/crypto/hashes/sha2_routines.h</itemPath>
                </logicalFolder>
                <itemPath>../src/config/pic32cm_ls60/library/cryptoauthlib/crypto/atca_crypto_sw.h</itemPath>
                <itemPath>../src/config/pic32cm_ls60/library/cryptoauthlib/crypto/atca_crypto_hw_aes.h</itemPath>
                <itemPath>../src/config/pic32cm_ls60/library/cryptoauthlib/crypto/crypto_sw_config_check.h</itemPath>
                <itemPath>../src/config/pic32cm_ls60/library/cryptoauthlib/crypto/crypto_hw_config_check.h</itemPath>
                <itemPath>../src/config/pic32cm_ls60/library/cryptoauthlib/crypto/atca_crypto_sw_sha1.h</itemPath>
                <itemPath>../src/config/pic32cm_ls60/library/cryptoauthlib/crypto/atca_crypto_sw_sha2.h</itemPath>
              </logicalFolder>
              <logicalFolder displayName="hal" name="hal" projectFiles="true">
                <itemPath>../src/config/pic32cm_ls60/library/cryptoauthlib/hal/atca_hal.h</itemPath>
              </logicalFolder>
              <logicalFolder displayName="host" name="host" projectFiles="true">
                <itemPath>../src/config/pic32cm_ls60/library/cryptoauthlib/host/atca_host.h</itemPath>
                <itemPath>../src/config/pic32cm_ls60/library/cryptoauthlib/host/atca_host_config_check.h</itemPath>
              </logicalFolder>
              <logicalFolder displayName="jwt" name="jwt" projectFiles="true">
                <itemPath>../src/config/pic32cm_ls60/library/cryptoauthlib/jwt/atca_jwt.h</itemPath>
              </logicalFolder>
              <itemPath>../src/config/pic32cm_ls60/library/cryptoauthlib/atca_config.h</itemPath>
              <itemPath>../src/config/pic32cm_ls60/library/cryptoauthlib/atca_version.h</itemPath>
              <itemPath>../src/config/pic32cm_ls60/library/cryptoauthlib/atca_iface.h</itemPath>
              <itemPath>../src/config/pic32cm_ls60/library/cryptoauthlib/atca_helpers.h</itemPath>
              <itemPath>../src/config/pic32cm_ls60/library/cryptoauthlib/atca_status.h</itemPath>
              <itemPath>../src/config/pic32cm_ls60/library/cryptoauthlib/cal_internal.h</itemPath>
              <itemPath>../src/config/pic32cm_ls60/library/cryptoauthlib/atca_cfgs.h</itemPath>
              <itemPath>../src/config/pic32cm_ls60/library/cryptoauthlib/cryptoauthlib.h</itemPath>
              <itemPath>../src/config/pic32cm_ls60/library/cryptoauthlib/atca_platform.h</itemPath>
              <itemPath>../src/config/pic32cm_ls60/library/cryptoauthlib/atca_devtypes.h</itemPath>
              <itemPath>../src/config/pic32cm_ls60/library/cryptoauthlib/atca_basic.h</itemPath>
              <itemPath>../src/config/pic32cm_ls60/library/cryptoauthlib/cal_buffer.h</itemPath>
              <itemPath>../src/config/pic32cm_ls60/library/cryptoauthlib/atca_debug.h</itemPath>
              <itemPath>../src/config/pic32cm_ls60/library/cryptoauthlib/atca_config_check.h</itemPath>
              <itemPath>../src/config/pic32cm_ls60/library/cryptoauthlib/atca_device.h</itemPath>
              <itemPath>../src/config/pic32cm_ls60/library/cryptoauthlib/atca_compiler.h</itemPath>
            </logicalFolder>
          </logicalFolder>
          <logicalFolder displayName="peripheral" name="peripheral" projectFiles="true">
            <logicalFolder displayName="clock" name="clock" projectFiles="true">
              <itemPath>../src/config/pic32cm_ls60/peripheral/clock/plib_clock.h</itemPath>
            </logicalFolder>
            <logicalFolder displayName="dmac" name="dmac" projectFiles="true">
              <itemPath>../src/config/pic32cm_ls60/peripheral/dmac/plib_dmac.h</itemPath>
            </logicalFolder>
            <logicalFolder displayName="eic" name="eic" projectFiles="true">
              <itemPath>../src/config/pic32cm_ls60/peripheral/eic/plib_eic.h</itemPath>
            </logicalFolder>
            <logicalFolder displayName="evsys" name="evsys" projectFiles="true">
              <itemPath>../src/config/pic32cm_ls60/peripheral/evsys/plib_evsys.h</itemPath>
            </logicalFolder>
            <logicalFolder displayName="nvic" name="nvic" projectFiles="true">
              <itemPath>../src/config/pic32cm_ls60/peripheral/nvic/plib_nvic.h</itemPath>
            </logicalFolder>
            <logicalFolder displayName="nvmctrl" name="nvmctrl" projectFiles="true">
              <itemPath>../src/config/pic32cm_ls60/peripheral/nvmctrl/plib_nvmctrl.h</itemPath>
            </logicalFolder>
            <logicalFolder displayName="pm" name="pm" projectFiles="true">
              <itemPath>../src/config/pic32cm_ls60/peripheral/pm/plib_pm.h</itemPath>
            </logicalFolder>
            <logicalFolder displayName="port" name="port" projectFiles="true">
              <itemPath>../src/config/pic32cm_ls60/peripheral/port/plib_port.h</itemPath>
            </logicalFolder>
            <logicalFolder displayName="rtc" name="rtc" projectFiles="true">
              <itemPath>../src/config/pic32cm_ls60/peripheral/rtc/plib_rtc.h</itemPath>
            </logicalFolder>
            <logicalFolder displayName="sercom" name="sercom" projectFiles="true">
              <logicalFolder displayName="i2c_master" name="i2c_master" projectFiles="true">
                <itemPath>../src/config/pic32cm_ls60/peripheral/sercom/i2c_master/plib_sercom_i2c_master_common.h</itemPath>
                <itemPath>../src/config/pic32cm_ls60/peripheral/sercom/i2c_master/plib_sercom1_i2c_master.h</itemPath>
              </logicalFolder>
              <logicalFolder displayName="usart" name="usart" projectFiles="true">
                <itemPath>../src/config/pic32cm_ls60/peripheral/sercom/usart/plib_sercom_usart_common.h</itemPath>
                <itemPath>../src/config/pic32cm_ls60/peripheral/sercom/usart/plib_sercom5_usart.h</itemPath>
                <itemPath>../src/config/pic32cm_ls60/peripheral/sercom/usart/plib_sercom2_usart.h</itemPath>
                <itemPath>../src/config/pic32cm_ls60/peripheral/sercom/usart/plib_sercom0_usart.h</itemPath>
              </logicalFolder>
            </logicalFolder>
            <logicalFolder displayName="supc" name="supc" projectFiles="true">
              <itemPath>../src/config/pic32cm_ls60/peripheral/supc/plib_supc.h</itemPath>
            </logicalFolder>
            <logicalFolder displayName="tc" name="tc" projectFiles="true">
              <itemPath>../src/config/pic32cm_ls60/peripheral/tc/plib_tc_common.h</itemPath>
              <itemPath>../src/config/pic32cm_ls60/peripheral/tc/plib_tc0.h</itemPath>
            </logicalFolder>
            <logicalFolder displayName="trng" name="trng" projectFiles="true">
              <itemPath>../src/config/pic32cm_ls60/peripheral/trng/plib_trng.h</itemPath>
            </logicalFolder>
          </logicalFolder>
          <logicalFolder displayName="touch" name="touch" projectFiles="true">
            <itemPath>../src/config/pic32cm_ls60/touch/qtm_touch_key_0x0002_api.h</itemPath>
            <itemPath>../src/config/pic32cm_ls60/touch/qtm_common_components_api.h</itemPath>
            <itemPath>../src/config/pic32cm_ls60/touch/qtm_freq_hop_auto_0x0004_api.h</itemPath>
            <itemPath>../src/config/pic32cm_ls60/touch/qtm_freq_hop_0x0006_api.h</itemPath>
            <itemPath>../src/config/pic32cm_ls60/touch/touch.h</itemPath>
            <itemPath>../src/config/pic32cm_ls60/touch/touch_example.h</itemPath>
            <itemPath>../src/config/pic32cm_ls60/touch/touch_api_ptc.h</itemPath>
            <itemPath>../src/config/pic32cm_ls60/touch/qtm_acq_pic32cm_le_0x0040_api.h</itemPath>
          </logicalFolder>
          <itemPath>../src/config/pic32cm_ls60/definitions.h</itemPath>
          <itemPath>../src/config/pic32cm_ls60/device_vectors.h</itemPath>
          <itemPath>../src/config/pic32cm_ls60/interrupts.h</itemPath>
          <itemPath>../src/config/pic32cm_ls60/toolchain_specifics.h</itemPath>
          <itemPath>../src/config/pic32cm_ls60/device_cache.h</itemPath>
        </logicalFolder>
      </logicalFolder>
      <logicalFolder displayName="packs" name="packs" projectFiles="true">
        <logicalFolder displayName="PIC32CM5164LS60064_DFP" name="PIC32CM5164LS60064_DFP" projectFiles="true">
          <logicalFolder displayName="component" name="component" projectFiles="true">
            <itemPath>../src/packs/PIC32CM5164LS60064_DFP/component/ac.h</itemPath>
            <itemPath>../src/packs/PIC32CM5164LS60064_DFP/component/idau.h</itemPath>
            <itemPath>../src/packs/PIC32CM5164LS60064_DFP/component/wdt.h</itemPath>
            <itemPath>../src/packs/PIC32CM5164LS60064_DFP/component/tc.h</itemPath>
            <itemPath>../src/packs/PIC32CM5164LS60064_DFP/component/eic.h</itemPath>
            <itemPath>../src/packs/PIC32CM5164LS60064_DFP/component/ptc.h</itemPath>
            <itemPath>../src/packs/PIC32CM5164LS60064_DFP/component/opamp.h</itemPath>
            <itemPath>../src/packs/PIC32CM5164LS60064_DFP/component/pac.h</itemPath>
            <itemPath>../src/packs/PIC32CM5164LS60064_DFP/component/usb.h</itemPath>
            <itemPath>../src/packs/PIC32CM5164LS60064_DFP/component/rtc.h</itemPath>
            <itemPath>../src/packs/PIC32CM5164LS60064_DFP/component/pm.h</itemPath>
            <itemPath>../src/packs/PIC32CM5164LS60064_DFP/component/osc32kctrl.h</itemPath>
            <itemPath>../src/packs/PIC32CM5164LS60064_DFP/component/mclk.h</itemPath>
            <itemPath>../src/packs/PIC32CM5164LS60064_DFP/component/dsu.h</itemPath>
            <itemPath>../src/packs/PIC32CM5164LS60064_DFP/component/gclk.h</itemPath>
            <itemPath>../src/packs/PIC32CM5164LS60064_DFP/component/freqm.h</itemPath>
            <itemPath>../src/packs/PIC32CM5164LS60064_DFP/component/ccl.h</itemPath>
            <itemPath>../src/packs/PIC32CM5164LS60064_DFP/component/tram.h</itemPath>
            <itemPath>../src/packs/PIC32CM5164LS60064_DFP/component/fuses.h</itemPath>
            <itemPath>../src/packs/PIC32CM5164LS60064_DFP/component/tcc.h</itemPath>
            <itemPath>../src/packs/PIC32CM5164LS60064_DFP/component/nvmctrl.h</itemPath>
            <itemPath>../src/packs/PIC32CM5164LS60064_DFP/component/dac.h</itemPath>
            <itemPath>../src/packs/PIC32CM5164LS60064_DFP/component/trng.h</itemPath>
            <itemPath>../src/packs/PIC32CM5164LS60064_DFP/component/i2s.h</itemPath>
            <itemPath>../src/packs/PIC32CM5164LS60064_DFP/component/supc.h</itemPath>
            <itemPath>../src/packs/PIC32CM5164LS60064_DFP/component/oscctrl.h</itemPath>
            <itemPath>../src/packs/PIC32CM5164LS60064_DFP/component/sercom.h</itemPath>
            <itemPath>../src/packs/PIC32CM5164LS60064_DFP/component/adc.h</itemPath>
            <itemPath>../src/packs/PIC32CM5164LS60064_DFP/component/evsys.h</itemPath>
            <itemPath>../src/packs/PIC32CM5164LS60064_DFP/component/port.h</itemPath>
            <itemPath>../src/packs/PIC32CM5164LS60064_DFP/component/dmac.h</itemPath>
            <itemPath>../src/packs/PIC32CM5164LS60064_DFP/component/rstc.h</itemPath>
          </logicalFolder>
          <logicalFolder displayName="instance" name="instance" projectFiles="true">
            <itemPath>../src/packs/PIC32CM5164LS60064_DFP/instance/rstc.h</itemPath>
            <itemPath>../src/packs/PIC32CM5164LS60064_DFP/instance/sercom1.h</itemPath>
            <itemPath>../src/packs/PIC32CM5164LS60064_DFP/instance/sercom5.h</itemPath>
            <itemPath>../src/packs/PIC32CM5164LS60064_DFP/instance/nvmctrl.h</itemPath>
            <itemPath>../src/packs/PIC32CM5164LS60064_DFP/instance/tcc0.h</itemPath>
            <itemPath>../src/packs/PIC32CM5164LS60064_DFP/instance/fuses.h</itemPath>
            <itemPath>../src/packs/PIC32CM5164LS60064_DFP/instance/opamp.h</itemPath>
            <itemPath>../src/packs/PIC32CM5164LS60064_DFP/instance/tc2.h</itemPath>
            <itemPath>../src/packs/PIC32CM5164LS60064_DFP/instance/trng.h</itemPath>
            <itemPath>../src/packs/PIC32CM5164LS60064_DFP/instance/dsu.h</itemPath>
            <itemPath>../src/packs/PIC32CM5164LS60064_DFP/instance/freqm.h</itemPath>
            <itemPath>../src/packs/PIC32CM5164LS60064_DFP/instance/eic.h</itemPath>
            <itemPath>../src/packs/PIC32CM5164LS60064_DFP/instance/sercom4.h</itemPath>
            <itemPath>../src/packs/PIC32CM5164LS60064_DFP/instance/tcc3.h</itemPath>
            <itemPath>../src/packs/PIC32CM5164LS60064_DFP/instance/wdt.h</itemPath>
            <itemPath>../src/packs/PIC32CM5164LS60064_DFP/instance/i2s.h</itemPath>
            <itemPath>../src/packs/PIC32CM5164LS60064_DFP/instance/supc.h</itemPath>
            <itemPath>../src/packs/PIC32CM5164LS60064_DFP/instance/oscctrl.h</itemPath>
            <itemPath>../src/packs/PIC32CM5164LS60064_DFP/instance/pm.h</itemPath>
            <itemPath>../src/packs/PIC32CM5164LS60064_DFP/instance/idau.h</itemPath>
            <itemPath>../src/packs/PIC32CM5164LS60064_DFP/instance/sercom0.h</itemPath>
            <itemPath>../src/packs/PIC32CM5164LS60064_DFP/instance/adc.h</itemPath>
            <itemPath>../src/packs/PIC32CM5164LS60064_DFP/instance/usb.h</itemPath>
            <itemPath>../src/packs/PIC32CM5164LS60064_DFP/instance/osc32kctrl.h</itemPath>
            <itemPath>../src/packs/PIC32CM5164LS60064_DFP/instance/ac.h</itemPath>
            <itemPath>../src/packs/PIC32CM5164LS60064_DFP/instance/sercom3.h</itemPath>
            <itemPath>../src/packs/PIC32CM5164LS60064_DFP/instance/port.h</itemPath>
            <itemPath>../src/packs/PIC32CM5164LS60064_DFP/instance/tcc2.h</itemPath>
            <itemPath>../src/packs/PIC32CM5164LS60064_DFP/instance/dmac.h</itemPath>
            <itemPath>../src/packs/PIC32CM5164LS60064_DFP/instance/tc0.h</itemPath>
            <itemPath>../src/packs/PIC32CM5164LS60064_DFP/instance/pac.h</itemPath>
            <itemPath>../src/packs/PIC32CM5164LS60064_DFP/instance/sercom2.h</itemPath>
            <itemPath>../src/packs/PIC32CM5164LS60064_DFP/instance/ptc.h</itemPath>
            <itemPath>../src/packs/PIC32CM5164LS60064_DFP/instance/mclk.h</itemPath>
            <itemPath>../src/packs/PIC32CM5164LS60064_DFP/instance/gclk.h</itemPath>
            <itemPath>../src/packs/PIC32CM5164LS60064_DFP/instance/tcc1.h</itemPath>
            <itemPath>../src/packs/PIC32CM5164LS60064_DFP/instance/tram.h</itemPath>
            <itemPath>../src/packs/PIC32CM5164LS60064_DFP/instance/dac.h</itemPath>
            <itemPath>../src/packs/PIC32CM5164LS60064_DFP/instance/tc1.h</itemPath>
            <itemPath>../src/packs/PIC32CM5164LS60064_DFP/instance/rtc.h</itemPath>
            <itemPath>../src/packs/PIC32CM5164LS60064_DFP/instance/ccl.h</itemPath>
            <itemPath>../src/packs/PIC32CM5164LS60064_DFP/instance/evsys.h</itemPath>
          </logicalFolder>
          <logicalFolder displayName="pio" name="pio" projectFiles="true">
            <itemPath>../src/packs/PIC32CM5164LS60064_DFP/pio/pic32cm5164ls60064.h</itemPath>
          </logicalFolder>
          <itemPath>../src/packs/PIC32CM5164LS60064_DFP/pic32cm5164ls60064.h</itemPath>
        </logicalFolder>
      </logicalFolder>
      <itemPath>../src/config/pic32cm_ls60/device.h</itemPath>
      <itemPath>../src/app_secure_ble_manager.h</itemPath>
      <itemPath>../src/app_secure_security.h</itemPath>
      <itemPath>../src/app_secure_touch.h</itemPath>
      <itemPath>../src/unsecure_interface.h</itemPath>
      <itemPath>../src/simpleMAP/simpleMAP_HAL.h</itemPath>
      <itemPath>../src/simpleMAP/simpleMAP_library.h</itemPath>
    </logicalFolder>
    <logicalFolder displayName="Important Files" name="ExternalFiles" projectFiles="true">
      <itemPath>Makefile</itemPath>
      <itemPath>../../pic32cm_ls60_rd_smart_lock/pic32cm_ls60_sdl.X/pic32cm_ls60_sdl.mc3</itemPath>
    </logicalFolder>
    <logicalFolder displayName="Linker Files" name="LinkerScript" projectFiles="true">
      <logicalFolder displayName="config" name="config" projectFiles="true">
        <logicalFolder displayName="pic32cm_ls60" name="pic32cm_ls60" projectFiles="true">
          <itemPath>../src/config/pic32cm_ls60/PIC32CM5164LS60064.ld</itemPath>
        </logicalFolder>
      </logicalFolder>
    </logicalFolder>
    <logicalFolder displayName="Source Files" name="SourceFiles" projectFiles="true">
      <logicalFolder displayName="config" name="config" projectFiles="true">
        <logicalFolder displayName="pic32cm_ls60" name="pic32cm_ls60" projectFiles="true">
          <logicalFolder displayName="library" name="library" projectFiles="true">
            <logicalFolder displayName="cryptoauthlib" name="cryptoauthlib" projectFiles="true">
              <logicalFolder displayName="atcacert" name="atcacert" projectFiles="true">
                <itemPath>../src/config/pic32cm_ls60/library/cryptoauthlib/atcacert/atcacert_def.c</itemPath>
                <itemPath>../src/config/pic32cm_ls60/library/cryptoauthlib/atcacert/atcacert_pem.c</itemPath>
                <itemPath>../src/config/pic32cm_ls60/library/cryptoauthlib/atcacert/atcacert_host_hw.c</itemPath>
                <itemPath>../src/config/pic32cm_ls60/library/cryptoauthlib/atcacert/atcacert_host_sw.c</itemPath>
                <itemPath>../src/config/pic32cm_ls60/library/cryptoauthlib/atcacert/atcacert_der.c</itemPath>
                <itemPath>../src/config/pic32cm_ls60/library/cryptoauthlib/atcacert/atcacert_date.c</itemPath>
                <itemPath>../src/config/pic32cm_ls60/library/cryptoauthlib/atcacert/atcacert_client.c</itemPath>
              </logicalFolder>
              <logicalFolder displayName="calib" name="calib" projectFiles="true">
                <itemPath>../src/config/pic32cm_ls60/library/cryptoauthlib/calib/calib_aes_gcm.c</itemPath>
                <itemPath>../src/config/pic32cm_ls60/library/cryptoauthlib/calib/calib_selftest.c</itemPath>
                <itemPath>../src/config/pic32cm_ls60/library/cryptoauthlib/calib/calib_random.c</itemPath>
                <itemPath>../src/config/pic32cm_ls60/library/cryptoauthlib/calib/calib_kdf.c</itemPath>
                <itemPath>../src/config/pic32cm_ls60/library/cryptoauthlib/calib/calib_sha.c</itemPath>
                <itemPath>../src/config/pic32cm_ls60/library/cryptoauthlib/calib/calib_ecdh.c</itemPath>
                <itemPath>../src/config/pic32cm_ls60/library/cryptoauthlib/calib/calib_genkey.c</itemPath>
                <itemPath>../src/config/pic32cm_ls60/library/cryptoauthlib/calib/calib_derivekey.c</itemPath>
                <itemPath>../src/config/pic32cm_ls60/library/cryptoauthlib/calib/calib_gendig.c</itemPath>
                <itemPath>../src/config/pic32cm_ls60/library/cryptoauthlib/calib/calib_command.c</itemPath>
                <itemPath>../src/config/pic32cm_ls60/library/cryptoauthlib/calib/calib_verify.c</itemPath>
                <itemPath>../src/config/pic32cm_ls60/library/cryptoauthlib/calib/calib_checkmac.c</itemPath>
                <itemPath>../src/config/pic32cm_ls60/library/cryptoauthlib/calib/calib_updateextra.c</itemPath>
                <itemPath>../src/config/pic32cm_ls60/library/cryptoauthlib/calib/calib_nonce.c</itemPath>
                <itemPath>../src/config/pic32cm_ls60/library/cryptoauthlib/calib/calib_aes.c</itemPath>
                <itemPath>../src/config/pic32cm_ls60/library/cryptoauthlib/calib/calib_basic.c</itemPath>
                <itemPath>../src/config/pic32cm_ls60/library/cryptoauthlib/calib/calib_counter.c</itemPath>
                <itemPath>../src/config/pic32cm_ls60/library/cryptoauthlib/calib/calib_hmac.c</itemPath>
                <itemPath>../src/config/pic32cm_ls60/library/cryptoauthlib/calib/calib_execution.c</itemPath>
                <itemPath>../src/config/pic32cm_ls60/library/cryptoauthlib/calib/calib_lock.c</itemPath>
                <itemPath>../src/config/pic32cm_ls60/library/cryptoauthlib/calib/calib_read.c</itemPath>
                <itemPath>../src/config/pic32cm_ls60/library/cryptoauthlib/calib/calib_mac.c</itemPath>
                <itemPath>../src/config/pic32cm_ls60/library/cryptoauthlib/calib/calib_helpers.c</itemPath>
                <itemPath>../src/config/pic32cm_ls60/library/cryptoauthlib/calib/calib_info.c</itemPath>
                <itemPath>../src/config/pic32cm_ls60/library/cryptoauthlib/calib/calib_sign.c</itemPath>
                <itemPath>../src/config/pic32cm_ls60/library/cryptoauthlib/calib/calib_write.c</itemPath>
                <itemPath>../src/config/pic32cm_ls60/library/cryptoauthlib/calib/calib_privwrite.c</itemPath>
                <itemPath>../src/config/pic32cm_ls60/library/cryptoauthlib/calib/calib_delete.c</itemPath>
                <itemPath>../src/config/pic32cm_ls60/library/cryptoauthlib/calib/calib_secureboot.c</itemPath>
              </logicalFolder>
              <logicalFolder displayName="crypto" name="crypto" projectFiles="true">
                <logicalFolder displayName="hashes" name="hashes" projectFiles="true">
                  <itemPath>../src/config/pic32cm_ls60/library/cryptoauthlib/crypto/hashes/sha1_routines.c</itemPath>
                  <itemPath>../src/config/pic32cm_ls60/library/cryptoauthlib/crypto/hashes/sha2_routines.c</itemPath>
                </logicalFolder>
                <itemPath>../src/config/pic32cm_ls60/library/cryptoauthlib/crypto/atca_crypto_hw_aes_ctr.c</itemPath>
                <itemPath>../src/config/pic32cm_ls60/library/cryptoauthlib/crypto/atca_crypto_hw_aes_cbcmac.c</itemPath>
                <itemPath>../src/config/pic32cm_ls60/library/cryptoauthlib/crypto/atca_crypto_hw_aes_cmac.c</itemPath>
                <itemPath>../src/config/pic32cm_ls60/library/cryptoauthlib/crypto/atca_crypto_pbkdf2.c</itemPath>
                <itemPath>../src/config/pic32cm_ls60/library/cryptoauthlib/crypto/atca_crypto_hw_aes_cbc.c</itemPath>
                <itemPath>../src/config/pic32cm_ls60/library/cryptoauthlib/crypto/atca_crypto_sw_aes_gcm.c</itemPath>
                <itemPath>../src/config/pic32cm_ls60/library/cryptoauthlib/crypto/atca_crypto_hw_aes_ccm.c</itemPath>
                <itemPath>../src/config/pic32cm_ls60/library/cryptoauthlib/crypto/atca_crypto_sw_sha1.c</itemPath>
                <itemPath>../src/config/pic32cm_ls60/library/cryptoauthlib/crypto/atca_crypto_pad.c</itemPath>
                <itemPath>../src/config/pic32cm_ls60/library/cryptoauthlib/crypto/atca_crypto_sw_sha2.c</itemPath>
              </logicalFolder>
              <logicalFolder displayName="hal" name="hal" projectFiles="true">
                <itemPath>../src/config/pic32cm_ls60/library/cryptoauthlib/hal/atca_hal.c</itemPath>
                <itemPath>../src/config/pic32cm_ls60/library/cryptoauthlib/hal/hal_i2c_harmony.c</itemPath>
                <itemPath>../src/config/pic32cm_ls60/library/cryptoauthlib/hal/hal_gpio_harmony.c</itemPath>
                <itemPath>../src/config/pic32cm_ls60/library/cryptoauthlib/hal/hal_cortex_m_delay.c</itemPath>
                <itemPath>../src/config/pic32cm_ls60/library/cryptoauthlib/hal/hal_harmony_init.c</itemPath>
                <itemPath>../src/config/pic32cm_ls60/library/cryptoauthlib/hal/ATECC608_0.c</itemPath>
              </logicalFolder>
              <logicalFolder displayName="host" name="host" projectFiles="true">
                <itemPath>../src/config/pic32cm_ls60/library/cryptoauthlib/host/atca_host.c</itemPath>
              </logicalFolder>
              <logicalFolder displayName="jwt" name="jwt" projectFiles="true">
                <itemPath>../src/config/pic32cm_ls60/library/cryptoauthlib/jwt/atca_jwt.c</itemPath>
              </logicalFolder>
              <itemPath>../src/config/pic32cm_ls60/library/cryptoauthlib/atca_iface.c</itemPath>
              <itemPath>../src/config/pic32cm_ls60/library/cryptoauthlib/atca_helpers.c</itemPath>
              <itemPath>../src/config/pic32cm_ls60/library/cryptoauthlib/atca_cfgs.c</itemPath>
              <itemPath>../src/config/pic32cm_ls60/library/cryptoauthlib/atca_basic.c</itemPath>
              <itemPath>../src/config/pic32cm_ls60/library/cryptoauthlib/cal_buffer.c</itemPath>
              <itemPath>../src/config/pic32cm_ls60/library/cryptoauthlib/atca_debug.c</itemPath>
              <itemPath>../src/config/pic32cm_ls60/library/cryptoauthlib/atca_device.c</itemPath>
            </logicalFolder>
          </logicalFolder>
          <logicalFolder displayName="peripheral" name="peripheral" projectFiles="true">
            <logicalFolder displayName="clock" name="clock" projectFiles="true">
              <itemPath>../src/config/pic32cm_ls60/peripheral/clock/plib_clock.c</itemPath>
            </logicalFolder>
            <logicalFolder displayName="dmac" name="dmac" projectFiles="true">
              <itemPath>../src/config/pic32cm_ls60/peripheral/dmac/plib_dmac.c</itemPath>
            </logicalFolder>
            <logicalFolder displayName="eic" name="eic" projectFiles="true">
              <itemPath>../src/config/pic32cm_ls60/peripheral/eic/plib_eic.c</itemPath>
            </logicalFolder>
            <logicalFolder displayName="evsys" name="evsys" projectFiles="true">
              <itemPath>../src/config/pic32cm_ls60/peripheral/evsys/plib_evsys.c</itemPath>
            </logicalFolder>
            <logicalFolder displayName="nvic" name="nvic" projectFiles="true">
              <itemPath>../src/config/pic32cm_ls60/peripheral/nvic/plib_nvic.c</itemPath>
            </logicalFolder>
            <logicalFolder displayName="nvmctrl" name="nvmctrl" projectFiles="true">
              <itemPath>../src/config/pic32cm_ls60/peripheral/nvmctrl/plib_nvmctrl.c</itemPath>
            </logicalFolder>
            <logicalFolder displayName="pm" name="pm" projectFiles="true">
              <itemPath>../src/config/pic32cm_ls60/peripheral/pm/plib_pm.c</itemPath>
            </logicalFolder>
            <logicalFolder displayName="port" name="port" projectFiles="true">
              <itemPath>../src/config/pic32cm_ls60/peripheral/port/plib_port.c</itemPath>
            </logicalFolder>
            <logicalFolder displayName="rtc" name="rtc" projectFiles="true">
              <itemPath>../src/config/pic32cm_ls60/peripheral/rtc/plib_rtc_timer.c</itemPath>
            </logicalFolder>
            <logicalFolder displayName="sercom" name="sercom" projectFiles="true">
              <logicalFolder displayName="i2c_master" name="i2c_master" projectFiles="true">
                <itemPath>../src/config/pic32cm_ls60/peripheral/sercom/i2c_master/plib_sercom1_i2c_master.c</itemPath>
              </logicalFolder>
              <logicalFolder displayName="usart" name="usart" projectFiles="true">
                <itemPath>../src/config/pic32cm_ls60/peripheral/sercom/usart/plib_sercom5_usart.c</itemPath>
                <itemPath>../src/config/pic32cm_ls60/peripheral/sercom/usart/plib_sercom2_usart.c</itemPath>
                <itemPath>../src/config/pic32cm_ls60/peripheral/sercom/usart/plib_sercom0_usart.c</itemPath>
              </logicalFolder>
            </logicalFolder>
            <logicalFolder displayName="supc" name="supc" projectFiles="true">
              <itemPath>../src/config/pic32cm_ls60/peripheral/supc/plib_supc.c</itemPath>
            </logicalFolder>
            <logicalFolder displayName="tc" name="tc" projectFiles="true">
              <itemPath>../src/config/pic32cm_ls60/peripheral/tc/plib_tc0.c</itemPath>
            </logicalFolder>
            <logicalFolder displayName="trng" name="trng" projectFiles="true">
              <itemPath>../src/config/pic32cm_ls60/peripheral/trng/plib_trng.c</itemPath>
            </logicalFolder>
          </logicalFolder>
          <logicalFolder displayName="stdio" name="stdio" projectFiles="true">
            <itemPath>../src/config/pic32cm_ls60/stdio/xc32_monitor.c</itemPath>
          </logicalFolder>
          <logicalFolder displayName="touch" name="touch" projectFiles="true">
            <itemPath>../src/config/pic32cm_ls60/touch/touch.c</itemPath>
            <itemPath>../src/config/pic32cm_ls60/touch/touch_example.c</itemPath>
          </logicalFolder>
          <itemPath>../src/config/pic32cm_ls60/initialization.c</itemPath>
          <itemPath>../src/config/pic32cm_ls60/exceptions.c</itemPath>
          <itemPath>../src/config/pic32cm_ls60/libc_syscalls.c</itemPath>
          <itemPath>../src/config/pic32cm_ls60/interrupts.c</itemPath>
          <itemPath>../src/config/pic32cm_ls60/startup_xc32.c</itemPath>
        </logicalFolder>
      </logicalFolder>
      <logicalFolder displayName="trustZone" name="trustZone" projectFiles="true">
        <itemPath>../src/trustZone/nonsecure_entry.c</itemPath>
        <itemPath>../src/unsecure_interface.c</itemPath>
      </logicalFolder>
      <itemPath>../src/main.c</itemPath>
      <itemPath>../src/app_secure_ble_manager.c</itemPath>
      <itemPath>../src/app_secure_security.c</itemPath>
      <itemPath>../src/app_secure_touch.c</itemPath>
      <itemPath>../src/simpleMAP/simpleMAP_HAL.c</itemPath>
    </logicalFolder>
  </logicalFolder>
  <sourceRootList>
    <Elem>../src</Elem>
  </sourceRootList>
  <projectmakefile>Makefile</projectmakefile>
  <confs>
    <conf name="pic32cm_ls60" type="2">
      <toolsSet>
        <developmentServer>localhost</developmentServer>
        <targetDevice>PIC32CM5164LS60064</targetDevice>
        <targetHeader/>
        <targetPluginBoard/>
        <platformTool>noID</platformTool>
        <languageToolchain>XC32</languageToolchain>
        <languageToolchainVersion>4.45</languageToolchainVersion>
        <platform>3</platform>
      </toolsSet>
      <packs>
        <pack name="PIC32CM-LS_DFP" vendor="Microchip" version="1.3.278"/>
        <pack name="CMSIS" vendor="ARM" version="5.8.0"/>
      </packs>
      <ScriptingSettings>
      </ScriptingSettings>
      <compileType>
        <linkerTool>
          <linkerLibItems>
            <linkerLibFileItem>../src/config/pic32cm_ls60/touch/lib/qtm_acq_pic32cm_le_0x0040.X.a</linkerLibFileItem>
            <linkerLibFileItem>../src/config/pic32cm_ls60/touch/lib/qtm_freq_hop_auto_cm23_0x0004.X.a</linkerLibFileItem>
            <linkerLibFileItem>../src/config/pic32cm_ls60/touch/lib/qtm_freq_hop_cm23_0x0006.X.a</linkerLibFileItem>
            <linkerLibFileItem>../src/config/pic32cm_ls60/touch/lib/qtm_touch_key_cm23_0x0002.X.a</linkerLibFileItem>
            <linkerLibFileItem>../src/simpleMAP/simpleMAPH3lib.X.a</linkerLibFileItem>
            <linkerLibFileItem>../../../Secure/firmware/src/config/pic32cm_ls60/touch/lib/qtm_freq_hop_cm23_0x0006.X.a</linkerLibFileItem>
            <linkerLibFileItem>../../../Secure/firmware/src/config/pic32cm_ls60/touch/lib/qtm_freq_hop_auto_cm23_0x0004.X.a</linkerLibFileItem>
            <linkerLibFileItem>../../../Secure/firmware/src/config/pic32cm_ls60/touch/lib/qtm_acq_pic32cm_le_0x0040.X.a</linkerLibFileItem>
            <linkerLibFileItem>../../../Secure/firmware/src/config/pic32cm_ls60/touch/lib/qtm_touch_key_cm23_0x0002.X.a</linkerLibFileItem>
          </linkerLibItems>
        </linkerTool>
        <archiverTool>
        </archiverTool>
        <loading>
          <useAlternateLoadableFile>false</useAlternateLoadableFile>
          <parseOnProdLoad>false</parseOnProdLoad>
          <alternateLoadableFile/>
        </loading>
        <subordinates>
        </subordinates>
      </compileType>
      <makeCustomizationType>
        <makeCustomizationPreStepEnabled>false</makeCustomizationPreStepEnabled>
        <makeUseCleanTarget>false</makeUseCleanTarget>
        <makeCustomizationPreStep/>
        <makeCustomizationPostStepEnabled>false</makeCustomizationPostStepEnabled>
        <makeCustomizationPostStep/>
        <makeCustomizationPutChecksumInUserID>false</makeCustomizationPutChecksumInUserID>
        <makeCustomizationEnableLongLines>false</makeCustomizationEnableLongLines>
        <makeCustomizationNormalizeHexFile>false</makeCustomizationNormalizeHexFile>
      </makeCustomizationType>
      <AtmelIceTool>
        <property key="AutoSelectMemRanges" value="auto"/>
        <property key="arm.use_vtor" value="false"/>
        <property key="arm.vtor_adr" value="exception_table"/>
        <property key="communication.activationmode" value="nohv"/>
        <property key="communication.interface" value="swd"/>
        <property key="communication.speed" value="2.000"/>
        <property key="debugoptions.debug-startup" value="Use system settings"/>
        <property key="debugoptions.reset-behaviour" value="Use system settings"/>
        <property key="debugoptions.useswbreakpoints" value="false"/>
        <property key="event.recorder.debugger.behavior" value="Running"/>
        <property key="event.recorder.enabled" value="false"/>
        <property key="event.recorder.scvd.files" value=""/>
        <property key="firmware.path" value="Press to browse for a specific firmware version"/>
        <property key="firmware.toolpack" value="Press to select which tool pack to use"/>
        <property key="firmware.update.action" value="firmware.update.use.latest"/>
        <property key="freeze.timers" value="false"/>
        <property key="lastid" value=""/>
        <property key="loader.board_file" value="${ProjectDir}/board.xboard"/>
        <property key="memories.aux" value="false"/>
        <property key="memories.bootflash" value="true"/>
        <property key="memories.configurationmemory" value="true"/>
        <property key="memories.configurationmemory2" value="true"/>
        <property key="memories.dataflash" value="true"/>
        <property key="memories.eeprom" value="true"/>
        <property key="memories.exclude.configurationmemory" value="true"/>
        <property key="memories.flashdata" value="true"/>
        <property key="memories.id" value="true"/>
        <property key="memories.instruction.ram.ranges" value="${memories.instruction.ram.ranges}"/>
        <property key="memories.programmemory" value="true"/>
        <property key="memories.programmemory.ranges" value="0-7ffff"/>
        <property key="poweroptions.powerenable" value="false"/>
        <property key="programoptions.eraseb4program" value="true"/>
        <property key="programoptions.preservedataflash" value="false"/>
        <property key="programoptions.preservedataflash.ranges" value="${memories.dataflash.default}"/>
        <property key="programoptions.preserveeeprom" value="false"/>
        <property key="programoptions.preserveeeprom.ranges" value=""/>
        <property key="programoptions.preserveprogram.ranges" value="0x20000-0x204ff, 0x30000-0x303ff"/>
        <property key="programoptions.preserveprogramrange" value="true"/>
        <property key="programoptions.preserveuserid" value="false"/>
        <property key="programoptions.programuserotp" value="false"/>
        <property key="script.has_reset" value="true"/>
        <property key="script.log_level" value="1"/>
        <property key="script.reset_delay" value="0"/>
        <property key="script.show_output" value="false"/>
        <property key="toolpack.updateoptions" value="toolpack.updateoptions.uselatestoolpack"/>
        <property key="toolpack.updateoptions.packversion" value="Press to select which tool pack to use"/>
        <property key="voltagevalue" value=""/>
        <property key="x.erase.key" value="0xFFFFFFFF,0xFFFFFFFF,0xFFFFFFFF,0xFFFFFFFF"/>
        <property key="x.erase.type" value="ChipEraseAll"/>
        <property key="x.prk.path" value=""/>
        <property key="x.puk.path" value=""/>
        <property key="x.tz_computecrc" value="true"/>
        <property key="x.tz_computesign" value="true"/>
      </AtmelIceTool>
      <C32>
        <property key="additional-warnings" value="false"/>
        <property key="addresss-attribute-use" value="false"/>
        <property key="appendMe" value="-mcmse"/>
        <property key="enable-app-io" value="false"/>
        <property key="enable-omit-frame-pointer" value="false"/>
        <property key="enable-symbols" value="true"/>
        <property key="enable-unroll-loops" value="false"/>
        <property key="exclude-floating-point" value="false"/>
        <property key="extra-include-directories" value="../src;../src/config/pic32cm_ls60;../src/config/pic32cm_ls60/library/cryptoauthlib;../src/config/pic32cm_ls60/library/cryptoauthlib/crypto;../src/config/pic32cm_ls60/library/cryptoauthlib/pkcs11;../src/packs/CMSIS/;../src/packs/CMSIS/CMSIS/Core/Include;../src/packs/PIC32CM5164LS60064_DFP"/>
        <property key="generate-16-bit-code" value="false"/>
        <property key="generate-micro-compressed-code" value="false"/>
        <property key="isolate-each-function" value="true"/>
        <property key="make-warnings-into-errors" value="false"/>
        <property key="optimization-level" value="-O1"/>
        <property key="place-data-into-section" value="true"/>
        <property key="post-instruction-scheduling" value="default"/>
        <property key="pre-instruction-scheduling" value="default"/>
        <property key="preprocessor-macros" value=""/>
        <property key="strict-ansi" value="false"/>
        <property key="support-ansi" value="false"/>
        <property key="tentative-definitions" value="-fcommon"/>
        <property key="toplevel-reordering" value=""/>
        <property key="unaligned-access" value=""/>
        <property key="use-cci" value="false"/>
        <property key="use-iar" value="false"/>
        <property key="use-indirect-calls" value="false"/>
        <appendMe value="-mcmse"/>
      </C32>
      <C32-AR>
        <property key="additional-options-chop-files" value="false"/>
      </C32-AR>
      <C32-AS>
        <property key="assembler-symbols" value=""/>
        <property key="enable-symbols" value="true"/>
        <property key="exclude-floating-point-library" value="false"/>
        <property key="expand-macros" value="false"/>
        <property key="extra-include-directories-for-assembler" value=""/>
        <property key="extra-include-directories-for-preprocessor" value=""/>
        <property key="false-conditionals" value="false"/>
        <property key="generate-16-bit-code" value="false"/>
        <property key="generate-micro-compressed-code" value="false"/>
        <property key="keep-locals" value="false"/>
        <property key="list-assembly" value="false"/>
        <property key="list-source" value="false"/>
        <property key="list-symbols" value="false"/>
        <property key="oXC32asm-list-to-file" value="false"/>
        <property key="omit-debug-dirs" value="false"/>
        <property key="omit-forms" value="false"/>
        <property key="preprocessor-macros" value=""/>
        <property key="warning-level" value=""/>
      </C32-AS>
      <C32-CO>
        <property key="coverage-enable" value=""/>
        <property key="stack-guidance" value="false"/>
      </C32-CO>
      <C32-LD>
        <property key="additional-options-use-response-files" value="false"/>
        <property key="additional-options-write-sla" value="false"/>
        <property key="allocate-dinit" value="false"/>
        <property key="appendMe" value=",--cmse-implib --out-implib=../../pic32cm_ls60_rd_smart_lock/pic32cm_ls60_sdl.X/pic32cm_ls60_sdl_secure_sg_veneer.lib"/>
        <property key="code-dinit" value="false"/>
        <property key="ebase-addr" value=""/>
        <property key="enable-check-sections" value="false"/>
        <property key="exclude-floating-point-library" value="false"/>
        <property key="exclude-standard-libraries" value="false"/>
        <property key="extra-lib-directories" value=""/>
        <property key="fill-flash-options-addr" value=""/>
        <property key="fill-flash-options-const" value=""/>
        <property key="fill-flash-options-how" value="0"/>
        <property key="fill-flash-options-inc-const" value="1"/>
        <property key="fill-flash-options-increment" value=""/>
        <property key="fill-flash-options-seq" value=""/>
        <property key="fill-flash-options-what" value="0"/>
        <property key="generate-16-bit-code" value="false"/>
        <property key="generate-cross-reference-file" value="false"/>
        <property key="generate-micro-compressed-code" value="false"/>
        <property key="heap-size" value="512"/>
        <property key="input-libraries" value=""/>
        <property key="kseg-length" value=""/>
        <property key="kseg-origin" value=""/>
        <property key="linker-symbols" value=""/>
        <property key="map-file" value="${DISTDIR}/${PROJECTNAME}.${IMAGE_TYPE}.map"/>
        <property key="no-device-startup-code" value="true"/>
        <property key="no-startup-files" value="false"/>
        <property key="oXC32ld-extra-opts" value=""/>
        <property key="optimization-level" value=""/>
        <property key="preprocessor-macros" value="ANSC_SIZE=0x10c0;AS_SIZE=0x40000;BNSC_SIZE=0x0;BOOTPROT_SIZE=0x0;RS_SIZE=0x8000;SECURE"/>
        <property key="remove-unused-sections" value="true"/>
        <property key="report-memory-usage" value="false"/>
        <property key="serial-length" value=""/>
        <property key="serial-origin" value=""/>
        <property key="stack-size" value=""/>
        <property key="symbol-stripping" value=""/>
        <property key="trace-symbols" value=""/>
        <property key="warn-section-align" value="false"/>
        <appendMe value=",--cmse-implib --out-implib=../../pic32cm_ls60_rd_smart_lock/pic32cm_ls60_sdl.X/pic32cm_ls60_sdl_secure_sg_veneer.lib"/>
      </C32-LD>
      <C32CPP>
        <property key="additional-warnings" value="false"/>
        <property key="addresss-attribute-use" value="false"/>
        <property key="appendMe" value="-mcmse"/>
        <property key="check-new" value="false"/>
        <property key="eh-specs" value="true"/>
        <property key="enable-app-io" value="false"/>
        <property key="enable-omit-frame-pointer" value="false"/>
        <property key="enable-symbols" value="true"/>
        <property key="enable-unroll-loops" value="false"/>
        <property key="exceptions" value="true"/>
        <property key="exclude-floating-point" value="false"/>
        <property key="extra-include-directories" value="../src;../src/config/pic32cm_ls60;../src/packs/CMSIS/;../src/packs/CMSIS/CMSIS/Core/Include;../src/packs/PIC32CM5164LS60064_DFP"/>
        <property key="generate-16-bit-code" value="false"/>
        <property key="generate-micro-compressed-code" value="false"/>
        <property key="isolate-each-function" value="false"/>
        <property key="make-warnings-into-errors" value="false"/>
        <property key="optimization-level" value=""/>
        <property key="place-data-into-section" value="false"/>
        <property key="post-instruction-scheduling" value="default"/>
        <property key="pre-instruction-scheduling" value="default"/>
        <property key="preprocessor-macros" value=""/>
        <property key="rtti" value="true"/>
        <property key="strict-ansi" value="false"/>
        <property key="toplevel-reordering" value=""/>
        <property key="unaligned-access" value=""/>
        <property key="use-cci" value="false"/>
        <property key="use-iar" value="false"/>
        <property key="use-indirect-calls" value="false"/>
        <appendMe value="-mcmse"/>
      </C32CPP>
      <C32Global>
        <property key="common-include-directories" value=""/>
        <property key="gp-relative-option" value=""/>
        <property key="legacy-libc" value="false"/>
        <property key="mdtcm" value=""/>
        <property key="mitcm" value=""/>
        <property key="mstacktcm" value="false"/>
        <property key="omit-pack-options" value="1"/>
        <property key="relaxed-math" value="false"/>
        <property key="save-temps" value="false"/>
        <property key="stack-smashing" value=""/>
        <property key="wpo-lto" value="false"/>
      </C32Global>
      <Tool>
        <property key="AutoSelectMemRanges" value="auto"/>
        <property key="arm.use_vtor" value="false"/>
        <property key="arm.vtor_adr" value="exception_table"/>
        <property key="communication.activationmode" value="nohv"/>
        <property key="communication.interface" value="swd"/>
        <property key="communication.speed" value="2.000"/>
        <property key="debugoptions.debug-startup" value="Use system settings"/>
        <property key="debugoptions.reset-behaviour" value="Use system settings"/>
        <property key="debugoptions.useswbreakpoints" value="false"/>
        <property key="event.recorder.debugger.behavior" value="Running"/>
        <property key="event.recorder.enabled" value="false"/>
        <property key="event.recorder.scvd.files" value=""/>
        <property key="firmware.path" value="Press to browse for a specific firmware version"/>
        <property key="firmware.toolpack" value="Press to select which tool pack to use"/>
        <property key="firmware.update.action" value="firmware.update.use.latest"/>
        <property key="freeze.timers" value="false"/>
        <property key="lastid" value=""/>
        <property key="loader.board_file" value="${ProjectDir}/board.xboard"/>
        <property key="memories.aux" value="false"/>
        <property key="memories.bootflash" value="true"/>
        <property key="memories.configurationmemory" value="true"/>
        <property key="memories.configurationmemory2" value="true"/>
        <property key="memories.dataflash" value="true"/>
        <property key="memories.eeprom" value="true"/>
        <property key="memories.exclude.configurationmemory" value="true"/>
        <property key="memories.flashdata" value="true"/>
        <property key="memories.id" value="true"/>
        <property key="memories.instruction.ram.ranges" value="${memories.instruction.ram.ranges}"/>
        <property key="memories.programmemory" value="true"/>
        <property key="memories.programmemory.ranges" value="0-7ffff"/>
        <property key="poweroptions.powerenable" value="false"/>
        <property key="programoptions.eraseb4program" value="true"/>
        <property key="programoptions.preservedataflash" value="false"/>
        <property key="programoptions.preservedataflash.ranges" value="${memories.dataflash.default}"/>
        <property key="programoptions.preserveeeprom" value="false"/>
        <property key="programoptions.preserveeeprom.ranges" value=""/>
        <property key="programoptions.preserveprogram.ranges" value="0x20000-0x204ff, 0x30000-0x303ff"/>
        <property key="programoptions.preserveprogramrange" value="true"/>
        <property key="programoptions.preserveuserid" value="false"/>
        <property key="programoptions.programuserotp" value="false"/>
        <property key="script.has_reset" value="true"/>
        <property key="script.log_level" value="1"/>
        <property key="script.reset_delay" value="0"/>
        <property key="script.show_output" value="false"/>
        <property key="toolpack.updateoptions" value="toolpack.updateoptions.uselatestoolpack"/>
        <property key="toolpack.updateoptions.packversion" value="Press to select which tool pack to use"/>
        <property key="voltagevalue" value=""/>
        <property key="x.erase.key" value="0xFFFFFFFF,0xFFFFFFFF,0xFFFFFFFF,0xFFFFFFFF"/>
        <property key="x.erase.type" value="ChipEraseAll"/>
        <property key="x.prk.path" value=""/>
        <property key="x.puk.path" value=""/>
        <property key="x.tz_computecrc" value="true"/>
        <property key="x.tz_computesign" value="true"/>
      </Tool>
    </conf>
  </confs>
</configurationDescriptor>